<?xml version="1.0" encoding="UTF-16"?>
<Task version="1.2" xmlns="http://schemas.microsoft.com/windows/2004/02/mit/task">
  <RegistrationInfo>
    <Date>2021-09-08T11:03:13.9501049</Date>
    <Author>Elerir</Author>
    <URI>\AutoToggleNvidiaBroadcast</URI>
	<Description>Made by Elerir.
	https://github.com/Elerir/NV-Broadcast-Discord-Autotoggle
	will soon be renamed https://github.com/Elerir/NV-Broadcast-Autotoggle</Description>
  </RegistrationInfo>
  <Triggers>
    <CalendarTrigger>
      <Repetition>
        <Interval>PT15M</Interval>
        <Duration>P1D</Duration>
        <StopAtDurationEnd>false</StopAtDurationEnd>
      </Repetition>
      <StartBoundary>2021-09-08T00:00:00</StartBoundary>
      <Enabled>true</Enabled>
      <ScheduleByDay>
        <DaysInterval>1</DaysInterval>
      </ScheduleByDay>
    </CalendarTrigger>
    <EventTrigger>
      <Enabled>true</Enabled>
      <Subscription>&lt;QueryList&gt;&lt;Query Id="0" Path="Security"&gt;&lt;Select Path="Security"&gt;*[System[band(Keywords,9007199254740992) and EventID=4688 or EventID=4689]]
and *[EventData[@DATAFILTER@]]
&lt;/Select&gt;&lt;/Query&gt;&lt;/QueryList&gt;</Subscription>
    </EventTrigger>
  </Triggers>
  <Principals>
    <Principal id="Author">
      <LogonType>InteractiveToken</LogonType>
      <RunLevel>LeastPrivilege</RunLevel>
    </Principal>
  </Principals>
  <Settings>
    <MultipleInstancesPolicy>IgnoreNew</MultipleInstancesPolicy>
    <DisallowStartIfOnBatteries>true</DisallowStartIfOnBatteries>
    <StopIfGoingOnBatteries>true</StopIfGoingOnBatteries>
    <AllowHardTerminate>true</AllowHardTerminate>
    <StartWhenAvailable>false</StartWhenAvailable>
    <RunOnlyIfNetworkAvailable>false</RunOnlyIfNetworkAvailable>
    <IdleSettings>
      <StopOnIdleEnd>true</StopOnIdleEnd>
      <RestartOnIdle>false</RestartOnIdle>
    </IdleSettings>
    <AllowStartOnDemand>true</AllowStartOnDemand>
    <Enabled>true</Enabled>
    <Hidden>false</Hidden>
    <RunOnlyIfIdle>false</RunOnlyIfIdle>
    <WakeToRun>false</WakeToRun>
    <ExecutionTimeLimit>PT72H</ExecutionTimeLimit>
    <Priority>7</Priority>
  </Settings>
  <Actions Context="Author">
    <Exec>
      <Command>wscript.exe</Command>
      <Arguments>"@INSTALLPATH@\NvidiaBroadcastWrapper.vbs"</Arguments>
    </Exec>
  </Actions>
</Task>
